{
  "losses": [
    1.5264082295554025,
    1.4788403340748377,
    1.4086118595940726,
    1.4457156998770577,
    1.406457713672093
  ],
  "metrics": {
    "both": {
      "optimistic": {
        "adjusted_arithmetic_mean_rank": 1.0872222222222223,
        "adjusted_arithmetic_mean_rank_index": -0.11230329041487863,
        "adjusted_geometric_mean_rank_index": -0.277353860469401,
        "adjusted_hits_at_k": -0.07808292945611228,
        "adjusted_inverse_harmonic_mean_rank": -0.17016643037299006,
        "arithmetic_mean_rank": 4.8681592039801,
        "count": 402.0,
        "geometric_mean_rank": 4.153631822069391,
        "harmonic_mean_rank": 3.5753359024268674,
        "hits_at_1": 0.0,
        "hits_at_10": 0.9427860696517413,
        "hits_at_3": 0.4253731343283582,
        "hits_at_5": 0.6417910447761194,
        "inverse_arithmetic_mean_rank": 0.20541645375574857,
        "inverse_geometric_mean_rank": 0.24075316321651916,
        "inverse_harmonic_mean_rank": 0.2796940000298209,
        "inverse_median_rank": 0.25,
        "median_absolute_deviation": 2.965204437011204,
        "median_rank": 4.0,
        "standard_deviation": 2.7992591583043196,
        "variance": 7.835851835350609,
        "z_arithmetic_mean_rank": -3.1440899771857787,
        "z_geometric_mean_rank": -6.239941654395729,
        "z_hits_at_k": -0.40734409811210526,
        "z_inverse_harmonic_mean_rank": -7.781948369563317
      },
      "pessimistic": {
        "adjusted_arithmetic_mean_rank": 1.0872222222222223,
        "adjusted_arithmetic_mean_rank_index": -0.11230329041487863,
        "adjusted_geometric_mean_rank_index": -0.277353860469401,
        "adjusted_hits_at_k": -0.07808292945611228,
        "adjusted_inverse_harmonic_mean_rank": -0.17016643037299006,
        "arithmetic_mean_rank": 4.8681592039801,
        "count": 402.0,
        "geometric_mean_rank": 4.153631822069391,
        "harmonic_mean_rank": 3.5753359024268674,
        "hits_at_1": 0.0,
        "hits_at_10": 0.9427860696517413,
        "hits_at_3": 0.4253731343283582,
        "hits_at_5": 0.6417910447761194,
        "inverse_arithmetic_mean_rank": 0.20541645375574857,
        "inverse_geometric_mean_rank": 0.24075316321651916,
        "inverse_harmonic_mean_rank": 0.2796940000298209,
        "inverse_median_rank": 0.25,
        "median_absolute_deviation": 2.965204437011204,
        "median_rank": 4.0,
        "standard_deviation": 2.7992591583043196,
        "variance": 7.835851835350609,
        "z_arithmetic_mean_rank": -3.1440899771857787,
        "z_geometric_mean_rank": -6.239941654395729,
        "z_hits_at_k": -0.40734409811210526,
        "z_inverse_harmonic_mean_rank": -7.781948369563317
      },
      "realistic": {
        "adjusted_arithmetic_mean_rank": 1.0872222423553468,
        "adjusted_arithmetic_mean_rank_index": -0.11230331633735635,
        "adjusted_geometric_mean_rank_index": -0.2773539989663085,
        "adjusted_hits_at_k": -0.07808292945611228,
        "adjusted_inverse_harmonic_mean_rank": -0.17016644513032592,
        "arithmetic_mean_rank": 4.868159294128418,
        "count": 402.0,
        "geometric_mean_rank": 4.153632164001465,
        "harmonic_mean_rank": 3.575336018547949,
        "hits_at_1": 0.0,
        "hits_at_10": 0.9427860696517413,
        "hits_at_3": 0.4253731343283582,
        "hits_at_5": 0.6417910447761194,
        "inverse_arithmetic_mean_rank": 0.2054164558649063,
        "inverse_geometric_mean_rank": 0.2407531440258026,
        "inverse_harmonic_mean_rank": 0.27969399094581604,
        "inverse_median_rank": 0.25,
        "median_absolute_deviation": 2.965204437011204,
        "median_rank": 4.0,
        "standard_deviation": 2.7992591857910156,
        "variance": 7.835851669311523,
        "z_arithmetic_mean_rank": -3.144090702922334,
        "z_geometric_mean_rank": -6.239944770316377,
        "z_hits_at_k": -0.40734409811210526,
        "z_inverse_harmonic_mean_rank": -7.781949044436882
      }
    },
    "head": {
      "optimistic": {
        "adjusted_arithmetic_mean_rank": 1.083952027412907,
        "adjusted_arithmetic_mean_rank_index": -0.1089696071163826,
        "adjusted_geometric_mean_rank_index": -0.29633870456144007,
        "adjusted_hits_at_k": 0.05598692276256756,
        "adjusted_inverse_harmonic_mean_rank": -0.191426302353642,
        "arithmetic_mean_rank": 4.721393034825871,
        "count": 201.0,
        "geometric_mean_rank": 4.028203724430281,
        "harmonic_mean_rank": 3.4915886210602505,
        "hits_at_1": 0.0,
        "hits_at_10": 0.9502487562189055,
        "hits_at_3": 0.46766169154228854,
        "hits_at_5": 0.6766169154228856,
        "inverse_arithmetic_mean_rank": 0.21180189673340358,
        "inverse_geometric_mean_rank": 0.24824960910869337,
        "inverse_harmonic_mean_rank": 0.2864025830443741,
        "inverse_median_rank": 0.25,
        "median_absolute_deviation": 2.965204437011204,
        "median_rank": 4.0,
        "standard_deviation": 2.7790957493098514,
        "variance": 7.723373183832083,
        "z_arithmetic_mean_rank": -2.1180149029028144,
        "z_geometric_mean_rank": -4.714739042010276,
        "z_hits_at_k": 0.20573301084085927,
        "z_inverse_harmonic_mean_rank": -6.045909220393741
      },
      "pessimistic": {
        "adjusted_arithmetic_mean_rank": 1.083952027412907,
        "adjusted_arithmetic_mean_rank_index": -0.1089696071163826,
        "adjusted_geometric_mean_rank_index": -0.29633870456144007,
        "adjusted_hits_at_k": 0.05598692276256756,
        "adjusted_inverse_harmonic_mean_rank": -0.191426302353642,
        "arithmetic_mean_rank": 4.721393034825871,
        "count": 201.0,
        "geometric_mean_rank": 4.028203724430281,
        "harmonic_mean_rank": 3.4915886210602505,
        "hits_at_1": 0.0,
        "hits_at_10": 0.9502487562189055,
        "hits_at_3": 0.46766169154228854,
        "hits_at_5": 0.6766169154228856,
        "inverse_arithmetic_mean_rank": 0.21180189673340358,
        "inverse_geometric_mean_rank": 0.24824960910869337,
        "inverse_harmonic_mean_rank": 0.2864025830443741,
        "inverse_median_rank": 0.25,
        "median_absolute_deviation": 2.965204437011204,
        "median_rank": 4.0,
        "standard_deviation": 2.7790957493098514,
        "variance": 7.723373183832083,
        "z_arithmetic_mean_rank": -2.1180149029028144,
        "z_geometric_mean_rank": -4.714739042010276,
        "z_hits_at_k": 0.20573301084085927,
        "z_inverse_harmonic_mean_rank": -6.045909220393741
      },
      "realistic": {
        "adjusted_arithmetic_mean_rank": 1.0839520442969182,
        "adjusted_arithmetic_mean_rank_index": -0.10896962903180407,
        "adjusted_geometric_mean_rank_index": -0.2963386030899313,
        "adjusted_hits_at_k": 0.05598692276256756,
        "adjusted_inverse_harmonic_mean_rank": -0.19142630222361423,
        "arithmetic_mean_rank": 4.72139310836792,
        "count": 201.0,
        "geometric_mean_rank": 4.02820348739624,
        "harmonic_mean_rank": 3.4915886201108086,
        "hits_at_1": 0.0,
        "hits_at_10": 0.9502487562189055,
        "hits_at_3": 0.46766169154228854,
        "hits_at_5": 0.6766169154228856,
        "inverse_arithmetic_mean_rank": 0.21180188655853271,
        "inverse_geometric_mean_rank": 0.2482496201992035,
        "inverse_harmonic_mean_rank": 0.2864025831222534,
        "inverse_median_rank": 0.25,
        "median_absolute_deviation": 2.965204437011204,
        "median_rank": 4.0,
        "standard_deviation": 2.7790956497192383,
        "variance": 7.723372936248779,
        "z_arithmetic_mean_rank": -2.1180153288673615,
        "z_geometric_mean_rank": -4.714737427601907,
        "z_hits_at_k": 0.20573301084085927,
        "z_inverse_harmonic_mean_rank": -6.045909216287011
      }
    },
    "tail": {
      "optimistic": {
        "adjusted_arithmetic_mean_rank": 1.0903190914007572,
        "adjusted_arithmetic_mean_rank_index": -0.11541119557705604,