{
  "losses": [
    1.429495828492301,
    1.4107605900083269,
    1.4181084632873535,
    1.3915830169405257,
    1.4386083398546492
  ],
  "metrics": {
    "both": {
      "optimistic": {
        "adjusted_arithmetic_mean_rank": 1.1155555555555556,
        "adjusted_arithmetic_mean_rank_index": -0.14878397711015756,
        "adjusted_geometric_mean_rank_index": -0.32900099216808987,
        "adjusted_hits_at_k": -0.17182927114794921,
        "adjusted_inverse_harmonic_mean_rank": -0.18559446658386902,
        "arithmetic_mean_rank": 4.9950248756218905,
        "count": 402.0,
        "geometric_mean_rank": 4.2811423288163155,
        "harmonic_mean_rank": 3.7010014272891754,
        "hits_at_1": 0.0,
        "hits_at_10": 0.9378109452736318,
        "hits_at_3": 0.39054726368159204,
        "hits_at_5": 0.6592039800995025,
        "inverse_arithmetic_mean_rank": 0.200199203187251,
        "inverse_geometric_mean_rank": 0.2335825168130974,
        "inverse_harmonic_mean_rank": 0.270197139786692,
        "inverse_median_rank": 0.25,
        "median_absolute_deviation": 2.965204437011204,
        "median_rank": 4.0,
        "standard_deviation": 2.8468320744430504,
        "variance": 8.104452860077721,
        "z_arithmetic_mean_rank": -4.165418568500904,
        "z_geometric_mean_rank": -7.401905248020427,
        "z_hits_at_k": -0.8964013001633475,
        "z_inverse_harmonic_mean_rank": -8.487493999060579
      },
      "pessimistic": {
        "adjusted_arithmetic_mean_rank": 1.1155555555555556,
        "adjusted_arithmetic_mean_rank_index": -0.14878397711015756,
        "adjusted_geometric_mean_rank_index": -0.32900099216808987,
        "adjusted_hits_at_k": -0.17182927114794921,
        "adjusted_inverse_harmonic_mean_rank": -0.18559446658386902,
        "arithmetic_mean_rank": 4.9950248756218905,
        "count": 402.0,
        "geometric_mean_rank": 4.2811423288163155,
        "harmonic_mean_rank": 3.7010014272891754,
        "hits_at_1": 0.0,
        "hits_at_10": 0.9378109452736318,
        "hits_at_3": 0.39054726368159204,
        "hits_at_5": 0.6592039800995025,
        "inverse_arithmetic_mean_rank": 0.200199203187251,
        "inverse_geometric_mean_rank": 0.2335825168130974,
        "inverse_harmonic_mean_rank": 0.270197139786692,
        "inverse_median_rank": 0.25,
        "median_absolute_deviation": 2.965204437011204,
        "median_rank": 4.0,
        "standard_deviation": 2.8468320744430504,
        "variance": 8.104452860077721,
        "z_arithmetic_mean_rank": -4.165418568500904,
        "z_geometric_mean_rank": -7.401905248020427,
        "z_hits_at_k": -0.8964013001633475,
        "z_inverse_harmonic_mean_rank": -8.487493999060579
      },
      "realistic": {
        "adjusted_arithmetic_mean_rank": 1.1155555121103924,
        "adjusted_arithmetic_mean_rank_index": -0.1487839211721791,
        "adjusted_geometric_mean_rank_index": -0.32900095408842756,
        "adjusted_hits_at_k": -0.17182927114794921,
        "adjusted_inverse_harmonic_mean_rank": -0.18559449338486567,
        "arithmetic_mean_rank": 4.995024681091309,
        "count": 402.0,
        "geometric_mean_rank": 4.281142234802246,
        "harmonic_mean_rank": 3.7010016532633836,
        "hits_at_1": 0.0,
        "hits_at_10": 0.9378109452736318,
        "hits_at_3": 0.39054726368159204,
        "hits_at_5": 0.6592039800995025,
        "inverse_arithmetic_mean_rank": 0.2001992166042328,
        "inverse_geometric_mean_rank": 0.2335825264453888,
        "inverse_harmonic_mean_rank": 0.2701971232891083,
        "inverse_median_rank": 0.25,
        "median_absolute_deviation": 2.965204437011204,
        "median_rank": 4.0,
        "standard_deviation": 2.846832036972046,
        "variance": 8.104453086853027,
        "z_arithmetic_mean_rank": -4.16541700243782,
        "z_geometric_mean_rank": -7.401904391299453,
        "z_hits_at_k": -0.8964013001633475,
        "z_inverse_harmonic_mean_rank": -8.487495224707562
      }
    },
    "head": {
      "optimistic": {
        "adjusted_arithmetic_mean_rank": 1.1524842946887492,
        "adjusted_arithmetic_mean_rank_index": -0.19792438843587856,
        "adjusted_geometric_mean_rank_index": -0.40611945113676273,
        "adjusted_hits_at_k": -0.13281569268491822,
        "adjusted_inverse_harmonic_mean_rank": -0.21406590642528595,
        "arithmetic_mean_rank": 5.019900497512438,
        "count": 201.0,
        "geometric_mean_rank": 4.28464786551808,
        "harmonic_mean_rank": 3.6651150354737467,
        "hits_at_1": 0.0,
        "hits_at_10": 0.9402985074626866,
        "hits_at_3": 0.3681592039800995,
        "hits_at_5": 0.6268656716417911,
        "inverse_arithmetic_mean_rank": 0.199207135777998,
        "inverse_geometric_mean_rank": 0.2333914084393688,
        "inverse_harmonic_mean_rank": 0.2728427321710904,
        "inverse_median_rank": 0.25,
        "median_absolute_deviation": 2.965204437011204,
        "median_rank": 4.0,
        "standard_deviation": 2.8177832559764853,
        "variance": 7.939902477661443,
        "z_arithmetic_mean_rank": -3.8470066603745003,
        "z_geometric_mean_rank": -6.461347108971026,
        "z_hits_at_k": -0.48805276294363864,
        "z_inverse_harmonic_mean_rank": -6.760946753480226
      },
      "pessimistic": {
        "adjusted_arithmetic_mean_rank": 1.1524842946887492,
        "adjusted_arithmetic_mean_rank_index": -0.19792438843587856,
        "adjusted_geometric_mean_rank_index": -0.40611945113676273,
        "adjusted_hits_at_k": -0.13281569268491822,
        "adjusted_inverse_harmonic_mean_rank": -0.21406590642528595,
        "arithmetic_mean_rank": 5.019900497512438,
        "count": 201.0,
        "geometric_mean_rank": 4.28464786551808,
        "harmonic_mean_rank": 3.6651150354737467,
        "hits_at_1": 0.0,
        "hits_at_10": 0.9402985074626866,
        "hits_at_3": 0.3681592039800995,
        "hits_at_5": 0.6268656716417911,
        "inverse_arithmetic_mean_rank": 0.199207135777998,
        "inverse_geometric_mean_rank": 0.2333914084393688,
        "inverse_harmonic_mean_rank": 0.2728427321710904,
        "inverse_median_rank": 0.25,
        "median_absolute_deviation": 2.965204437011204,
        "median_rank": 4.0,
        "standard_deviation": 2.8177832559764853,
        "variance": 7.939902477661443,
        "z_arithmetic_mean_rank": -3.8470066603745003,
        "z_geometric_mean_rank": -6.461347108971026,
        "z_hits_at_k": -0.48805276294363864,
        "z_inverse_harmonic_mean_rank": -6.760946753480226
      },
      "realistic": {
        "adjusted_arithmetic_mean_rank": 1.1524842543849803,
        "adjusted_arithmetic_mean_rank_index": -0.19792433612164606,
        "adjusted_geometric_mean_rank_index": -0.4061196878304161,
        "adjusted_hits_at_k": -0.13281569268491822,
        "adjusted_inverse_harmonic_mean_rank": -0.2140659016151213,
        "arithmetic_mean_rank": 5.019900321960449,
        "count": 201.0,
        "geometric_mean_rank": 4.284648418426514,
        "harmonic_mean_rank": 3.665114996772831,
        "hits_at_1": 0.0,
        "hits_at_10": 0.9402985074626866,
        "hits_at_3": 0.3681592039800995,
        "hits_at_5": 0.6268656716417911,
        "inverse_arithmetic_mean_rank": 0.19920714199543,
        "inverse_geometric_mean_rank": 0.23339137434959412,
        "inverse_harmonic_mean_rank": 0.27284273505210876,
        "inverse_median_rank": 0.25,
        "median_absolute_deviation": 2.965204437011204,
        "median_rank": 4.0,
        "standard_deviation": 2.8177831172943115,
        "variance": 7.939901828765869,
        "z_arithmetic_mean_rank": -3.8470056435558924,
        "z_geometric_mean_rank": -6.461350874759265,
        "z_hits_at_k": -0.48805276294363864,
        "z_inverse_harmonic_mean_rank": -6.7609466015584765
      }
    },
    "tail": {
      "optimistic": {
        "adjusted_arithmetic_mean_rank": 1.0805840995132505,
        "adjusted_arithmetic_mean_rank_index": -0.10297166551485848,